[{"code":"%1$s.setLayoutManager(new VegaLayoutManager());","color":"#50A0AB","name":"VegaLayout","typeName":"","palette":"225","type":" ","spec":"%m.recyclerview apply VegaLayout"},{"code":"PushDownAnim.setPushDownAnimTo(%1$s).setScale(PushDownAnim.MODE_STATIC_DP, %2$s) \n.setOnClickListener( new View.OnClickListener(){ @Override public void onClick( View view ){ \n%3$s\n } } );","color":"#50A0AB","name":"PushDown","typeName":"","palette":"225","type":"c","spec":"%m.view setPushDown with %d"},{"code":"PushDownAnim.setPushDownAnimTo(%1$s).setScale(PushDownAnim.MODE_STATIC_DP, %2$s) \n.setOnClickListener( new View.OnClickListener(){ @Override public void onClick( View view ){ \n%3$s\n } } );","color":"#50A0AB","name":"PushDown","typeName":"","palette":"225","type":"c","spec":"%m.view setPushDown with %d"},{"code":"PushDownAnim.setPushDownAnimTo(%1$s).setScale(PushDownAnim.MODE_STATIC_DP, %2$s);","color":"#50A0AB","name":"PushDown v2","typeName":"","palette":"225","type":" ","spec":"%m.view setPushDown with %d"},{"code":"Intent intent \u003d com.google.android.gms.common.AccountPicker.newChooseAccountIntent(null, null, new String[] {\"com.google\"}, false, null, null, null, null); startActivityForResult(intent, 94); \n","color":"#50A0AB","name":"Pick account","typeName":"","palette":"225","type":" ","spec":"Pick account"},{"code":"}; break; case 94: try { _acc(_data.getStringExtra(android.accounts.AccountManager.KEY_ACCOUNT_NAME).toString(), _data.getStringExtra(android.accounts.AccountManager.KEY_ACCOUNT_TYPE).toString()); } catch (Exception e) { }; if (false) {","name":"On Account Picked","palette":"225","type":" ","spec":"On Account Picked"},{"code":"RippleAnimation.create(%1$s).setDuration((long)%2$s).start();","color":"#50A0AB","name":"TelRipple","typeName":"","palette":"225","type":" ","spec":"%m.view Ripple Effect duration %d (Min 500 - Max 2000)"},{"code":"\r\ntry {\n\t\rDrawable appIcon \u003d getPackageManager().getApplicationIcon(%2$s);\t\n\tBitmap %1$sbit \u003d ((BitmapDrawable)appIcon).getBitmap();\t%1$s.setImageBitmap(getRoundedCornerBitmap(%1$sbit,%3$s));\n} catch(Exception e) {\n\t\re.toString();\n}\n","color":"#50A0AB","name":"Package Iconizer","typeName":"","palette":"225","type":" ","spec":"setImage to %m.imageview from %s RoundCorner %d"},{"code":"} public static Bitmap getRoundedCornerBitmap(Bitmap bitmap, int pixels) { Bitmap output \u003d Bitmap.createBitmap(bitmap.getWidth(), bitmap.getHeight(), Bitmap.Config.ARGB_8888); Canvas canvas \u003d new Canvas(output); final int color \u003d 0xff424242; final Paint paint \u003d new Paint(); final Rect rect \u003d new Rect(0, 0, bitmap.getWidth(), bitmap.getHeight()); final RectF rectF \u003d new RectF(rect); final float roundPx \u003d pixels; paint.setAntiAlias(true); canvas.drawARGB(0, 0, 0, 0); paint.setColor(color); canvas.drawRoundRect(rectF, roundPx, roundPx, paint); paint.setXfermode(new PorterDuffXfermode(PorterDuff.Mode.SRC_IN)); canvas.drawBitmap(bitmap, rect, rect, paint); return output;","color":"#50A0AB","name":"Iconizer Lib","typeName":"","palette":"225","type":" ","spec":"Iconizer Lib"}]